,shot_distance,player_distance,initial_angle,initial_speed
0,17.57207207207207,2.3363363363363363,0.8010428892224671,13.336489231902078
1,10.66891891891892,2.9984984984984986,0.8111511735484533,10.497455676835315
2,9.981981981981981,2.3873873873873874,0.8129199734652434,10.171886485459314
3,9.745495495495495,2.165165165165165,0.813586426686935,10.057382406998462
4,8.855855855855856,2.0855855855855854,0.816411229803766,9.614511459938091
5,14.306306306306306,1.8243243243243243,0.8046109938846744,12.076590597050178
6,17.042792792792792,2.5555555555555554,0.8015284183099202,13.140484604324993
7,13.912162162162161,1.5645645645645645,0.8051547521675796,11.9155537578714
8,16.254504504504503,2.921921921921922,0.8023100981964159,12.843031037641115
9,13.99099099099099,1.7942942942942943,0.8050435533333009,11.94793421313056
10,11.412162162162161,2.6186186186186187,0.8094766316073551,10.838761520533037
11,17.774774774774777,1.996996996996997,0.8008645919403449,13.410797750706191
12,15.623873873873874,2.1966966966966965,0.8029921667519102,12.600025434260637
13,11.806306306306306,2.0495495495495497,0.8086739719049327,11.015487831849667
14,13.045045045045045,2.15015015015015,0.8064664867257489,11.553401354250795
15,15.072072072072071,2.3843843843843846,0.8036357375805293,12.383494610555397
16,15.646396396396396,1.7372372372372373,0.8029668615625606,12.608784648553558
17,17.358108108108105,2.9954954954954953,0.8012356050777748,13.257601540332994
18,12.211711711711711,2.0465465465465464,0.807902320701771,11.194366153301276
19,14.475225225225225,2.7462462462462462,0.8043870061790857,12.144954758114855
20,9.801801801801801,2.68018018018018,0.8134248395667333,10.084762427197424
21,17.98873873873874,1.5510510510510511,0.8006807444048459,13.488791295477247
22,17.36936936936937,1.6861861861861862,0.8012253438867887,13.26176519913834
23,7.177927927927928,2.46996996996997,0.8236353395047276,8.718794771194597
24,9.452702702702702,2.9594594594594597,0.8144576087988108,9.913795837115035
25,8.52927927927928,2.6306306306306304,0.8175954657623657,9.446772482155986
26,15.173423423423422,2.213213213213213,0.8035140260796687,12.423547746718429
27,15.882882882882882,2.4084084084084085,0.8027054847875507,12.700392594668498
28,12.166666666666666,2.8813813813813813,0.8079855254745568,11.174631575220339
29,16.29954954954955,2.4984984984984986,0.8022633962692899,12.860213298136719
30,12.436936936936936,2.8093093093093096,0.8074953196743103,11.292523897123273
31,9.396396396396396,2.430930930930931,0.8146313471984465,9.885945642044392
32,12.876126126126126,2.6336336336336337,0.8067425436922423,11.481527702932613
33,7.752252252252252,2.153153153153153,0.8208123857304069,9.03527818898236
34,8.743243243243244,2.2687687687687688,0.8168096332953735,9.557000186518698
35,13.81081081081081,2.651651651651652,0.80529958439438,11.873792416476842
36,17.4481981981982,2.942942942942943,0.8011538860510148,13.290874364050461
37,7.662162162162162,1.7042042042042043,0.8212273629642607,8.986362446602781
38,9.08108108108108,2.524024024024024,0.8156439552935988,9.728522311052997
39,10.252252252252251,2.25975975975976,0.8121958497599573,10.301199742329395
40,17.076576576576578,1.942942942942943,0.8014965287712942,13.153082621603527
41,10.24099099099099,2.039039039039039,0.8122252607061613,10.295843916808849
42,9.936936936936936,1.8768768768768769,0.8130444787958941,10.150175124651067
43,17.538288288288285,2.2177177177177176,0.801073005738253,13.324064269104857
44,8.337837837837839,1.7732732732732732,0.8183326213226348,9.347055757465323
45,15.06081081081081,2.388888888888889,0.8036493620641604,12.379036284463227
46,9.114864864864865,2.1876876876876876,0.8155321225661883,9.745509803586936
47,15.59009009009009,2.8453453453453452,0.8030302614569516,12.586875213048424
48,10.33108108108108,1.8258258258258258,0.8119917633400098,10.338613302023676
49,15.195945945945946,2.938438438438438,0.8034871992710505,12.432430967813566
50,13.09009009009009,2.93993993993994,0.8063940726765398,11.572492551797636
51,14.644144144144143,2.9309309309309306,0.8041681784664105,12.212937384814019
52,7.842342342342342,2.8678678678678677,0.8204068955151219,9.083933355038784
53,9.846846846846846,1.8288288288288288,0.8132968962553258,10.10661339157272
54,10.207207207207206,1.7507507507507507,0.8123138817974449,10.279759799766632
55,12.684684684684685,2.4294294294294296,0.8070642800090895,11.3995251911671
56,15.736486486486486,1.7972972972972974,0.8028663642682319,12.643760979146526
57,12.853603603603602,1.6186186186186187,0.8067798985032918,11.471910655473073
58,15.972972972972972,1.62012012012012,0.80260794605928,12.735117958444699
59,13.506756756756756,2.7192192192192195,0.8057471012746376,11.747620679733561
60,16.074324324324323,2.286786786786787,0.8024995203237579,12.774071433532473
61,10.95045045045045,1.521021021021021,0.8104902000549965,10.62802104923271
62,9.295045045045045,2.815315315315315,0.814949362326209,9.835618018940915
63,10.927927927927929,1.9714714714714714,0.8105418278359621,10.617634586408485
64,14.103603603603602,2.8528528528528527,0.8048868508521416,11.994040848646165
65,11.20945945945946,1.834834834834835,0.8099113557531792,10.746747634737494
66,10.5,2.6891891891891895,0.8115647254477109,10.41833546763671
67,13.371621621621621,2.258258258258258,0.8059525195120982,11.691108790745389
68,7.538288288288288,2.108108108108108,0.8218140676672874,8.918670137328458
69,8.675675675675675,1.7177177177177176,0.817053620232453,9.522328101293315
70,16.333333333333332,2.5735735735735736,0.8022285386785898,12.873084978549862
71,14.441441441441441,2.184684684684685,0.8044313851378126,12.131312653252783
72,13.61936936936937,1.7192192192192193,0.8055790282363269,11.79450779617544
73,8.608108108108109,1.6411411411411412,0.8173014219670587,9.487530395013534
74,8.056306306306306,2.684684684684685,0.8194800301042368,9.198468612213226
75,15.1509009009009,2.903903903903904,0.8035409325420854,12.414658186619137
76,15.40990990990991,1.8318318318318318,0.8032362506634693,12.516507972501893
77,7.414414414414415,2.4414414414414414,0.8224202711686721,8.850466061217562
78,11.693693693693692,2.3663663663663663,0.8088977942299878,10.965283887709292
79,13.157657657657658,2.8003003003003,0.8062863796302965,11.601070656905293
80,10.882882882882882,2.1336336336336337,0.8106457228437285,10.596831282988745
81,16.806306306306304,2.5720720720720722,0.8017552310945134,13.051958753206751
82,7.808558558558558,2.4924924924924925,0.82055786329141,9.065717943437043
83,13.97972972972973,1.8603603603603602,0.8050593622210054,11.943313791328226
84,11.603603603603602,2.7657657657657655,0.809079973088058,10.924955397965652
85,12.56081081081081,2.6291291291291294,0.8072776784671379,11.34615017610517
86,13.518018018018019,1.927927927927928,0.8057301681658292,11.75231778022862
87,8.247747747747749,2.701201201201201,0.8186913074919704,9.299763704754788
88,15.815315315315315,2.8858858858858856,0.802779367205547,12.674286290493882
89,16.063063063063062,2.831831831831832,0.8025115001393524,12.769749123300462
90,11.58108108108108,1.7147147147147148,0.8091259596794497,10.914850102576878
91,15.691441441441441,1.7087087087087087,0.8029164688448104,12.62628489413588
92,11.378378378378379,1.8378378378378377,0.8095480125252094,10.823479927447162
93,9.903153153153152,1.5975975975975976,0.8131385988111306,10.133861275761106
94,14.936936936936936,2.195195195195195,0.8038005854332003,12.32988859759696
95,11.862612612612612,2.081081081081081,0.8085636508730715,11.040504584496967
96,9.14864864864865,1.6801801801801801,0.8154211127967304,9.762467964367836
97,16.716216216216218,2.4744744744744747,0.8018433222041902,13.018076621954755
98,10.623873873873874,2.214714714714715,0.8112601716351198,10.47641504935116
99,7.831081081081081,2.8273273273273274,0.8204570740880429,9.077865569442604
100,7.707207207207207,2.987987987987988,0.8210186678171733,9.010853148321617
101,14.092342342342342,2.581081081081081,0.8049024085724661,11.989438138612469
102,15.871621621621621,2.8903903903903903,0.8027177548920071,12.69604526255853
103,9.824324324324325,2.503003003003003,0.8133607217125322,10.095693781995163
104,13.675675675675675,2.6096096096096097,0.805496028032182,11.817881832613706
105,13.405405405405405,2.1576576576576576,0.8059007773388093,11.705262251798736
106,10.06081081081081,2.9444444444444446,0.81270476379287,10.209770979164615
107,10.984234234234233,2.9279279279279278,0.8104131543619479,10.643581839812208
108,15.93918918918919,2.12012012012012,0.8026443940252145,12.722107027138296
109,17.83108108108108,1.7597597597597598,0.800815783644526,13.431366191391131
110,7.650900900900901,2.7312312312312312,0.8212799187523074,8.98022945020683
111,17.12162162162162,2.033033033033033,0.8014542049456147,13.169861272062956
112,7.45945945945946,2.8243243243243246,0.8221975166051105,8.875327480238772
113,17.414414414414416,1.8993993993993994,0.8011844317010377,13.278406805490949
114,7.954954954954955,2.228228228228228,0.8199128860039743,9.14439206709246
115,9.621621621621621,2.9024024024024024,0.8139485540406106,9.996884195058144
116,15.612612612612612,1.5225225225225225,0.8030048466913496,12.595643548737497
117,13.79954954954955,1.7867867867867868,0.8053158079805782,11.869143227111055
118,15.8490990990991,2.5870870870870872,0.8027423473477441,12.68734614060209
119,13.563063063063062,2.668168168168168,0.8056627164552744,11.771087503441436
120,7.448198198198198,2.518018018018018,0.8222529540228924,8.869118582313
121,13.416666666666666,2.5465465465465464,0.8058835877567279,11.709976283964131
122,10.48873873873874,2.578078078078078,0.8115927678951773,10.413039534642289
123,7.2342342342342345,2.6726726726726726,0.8233388731749522,8.750322578060194
124,14.216216216216216,1.7522522522522523,0.8047326272430627,12.03997147760788
125,14.576576576576576,2.168168168168168,0.8042551018112775,12.185789711319329
126,17.436936936936938,2.695195195195195,0.8011640547959404,13.28671980840625
127,13.146396396396396,1.978978978978979,0.8063042517305278,11.596312512371107
128,8.518018018018019,1.8108108108108107,0.8176379144570747,9.440935685962826
129,12.132882882882882,2.33033033033033,0.8080483336689626,11.159807837863488
130,6.907657657657658,1.990990990990991,0.8251252433399665,8.565867260041978
131,11.56981981981982,2.2492492492492495,0.8091490199642031,10.909793961421123
132,14.486486486486486,2.171171171171171,0.8043722591246404,12.149498732590677
133,13.777027027027026,2.3273273273273274,0.8053483345929275,11.85983939886293
134,17.47072072072072,2.9459459459459456,0.8011335878495461,13.29917958976481
135,10.60135135135135,1.6036036036036037,0.8113150170975809,10.465878962488064
136,10.736486486486486,1.8633633633633633,0.8109893867896595,10.52893821944754
137,10.015765765765765,2.358858858858859,0.8128273271864374,10.188139837156035
138,12.808558558558559,2.1216216216216215,0.8068550015095456,11.452652426381428
139,8.427927927927929,1.665165165165165,0.8179815706124856,9.394111931881879
140,12.324324324324323,2.5225225225225225,0.8076969644131136,11.243551696320788
141,7.90990990990991,2.5435435435435436,0.8201088099785342,9.12025617842433
142,12.18918918918919,2.454954954954955,0.8079438463737215,11.18450319834146
143,17.707207207207205,2.2612612612612613,0.8009235712382128,13.386073986488164
144,9.756756756756756,2.1246246246246248,0.813553960531727,10.062864330961348
145,16.355855855855857,2.183183183183183,0.8022053801942627,12.881658970177634
146,8.731981981981981,2.923423423423423,0.8168500366066592,9.551230172272192
147,8.315315315315315,1.7642642642642643,0.8184215674025996,9.335254994810073
148,6.975225225225225,2.725225225225225,0.8247420095619201,8.604350572894369
149,8.202702702702702,1.6876876876876876,0.8188735920291379,9.276028120136322
150,10.871621621621621,1.8918918918918919,0.8106718307762225,10.591624106926659
151,14.024774774774775,1.56006006006006,0.8049962787617247,11.961784804619805
152,11.47972972972973,2.6591591591591595,0.8093351272755512,10.869260564085382
153,12.842342342342342,1.7207207207207207,0.8067986249527944,11.467099118739192
154,16.32207207207207,1.8213213213213213,0.8022401418605655,12.868795845560324
155,15.905405405405405,2.8063063063063063,0.8026809966407996,12.70908280873688
156,17.80855855855856,2.9264264264264264,0.8008352699613794,13.423142589749563
157,16.108108108108105,1.8483483483483483,0.8024636812615605,12.787029619180698
158,17.515765765765764,1.5,0.8010931478938097,13.31577453267484
159,12.81981981981982,1.6831831831831832,0.8068361763695169,11.457470006711524
160,17.864864864864863,2.099099099099099,0.8007866462070375,13.443692180268588
161,10.308558558558559,2.186186186186186,0.8120497561539072,10.327937460351862
162,10.522522522522522,1.554054054054054,0.8115088201283798,10.428919312125869
163,12.087837837837839,1.7612612612612613,0.808132622927995,11.14001230264633
164,9.036036036036036,2.6141141141141144,0.8157943616297145,9.705826432029808
165,16.37837837837838,1.9489489489489489,0.8021822853302947,12.89022727210065
166,7.222972972972973,2.2027027027027026,0.8233977988018744,8.744025997169338
167,15.162162162162161,1.5885885885885886,0.8035274693320059,12.419103759890028
168,15.42117117117117,2.5495495495495497,0.8032232354950839,12.520917480480497
169,14.373873873873872,2.2462462462462462,0.8045207679831378,12.10398245594592
170,13.484234234234233,2.418918918918919,0.8057810522009055,11.738220859533183
171,8.97972972972973,1.5375375375375375,0.815984483650456,9.677382322792033
172,14.396396396396396,2.4204204204204203,0.8044908806134983,12.113099352502637
173,15.038288288288287,2.2522522522522523,0.8036766721650441,12.370114825131116
174,8.641891891891891,2.7342342342342345,0.8171770386876078,9.504945035315671
175,13.788288288288289,2.6276276276276276,0.8053320580251797,11.864492221946927
176,10.083333333333332,1.960960960960961,0.8126438915178139,10.22056949059608
177,10.31981981981982,2.843843843843844,0.8120207281949307,10.333276751659152
178,13.18018018018018,2.948948948948949,0.8062507268908152,11.610581117424138
179,11.91891891891892,2.024024024024024,0.8084543699536693,11.065465033378606
180,10.40990990990991,2.90990990990991,0.8117907591306498,10.375892758688956
181,16.243243243243242,2.1126126126126126,0.8023218141043256,12.83873188800658
182,11.063063063063062,2.801801801801802,0.8102352064800615,10.679802642231614
183,15.207207207207206,2.406906906906907,0.8034738156265114,12.43687020545573
184,16.91891891891892,1.8528528528528527,0.8016464350618456,13.094188400206562
185,11.13063063063063,2.7072072072072073,0.8100846809250493,10.710752058377839
186,12.448198198198199,2.0375375375375375,0.8074753554677333,11.297409489375454
187,10.263513513513512,1.8063063063063063,0.8121665031688936,10.306552801551645
188,14.295045045045045,2.7237237237237237,0.8046261143364775,12.072019263086494
189,16.423423423423422,2.156156156156156,0.8021362854180435,12.907346851930244
190,7.391891891891892,2.665165165165165,0.8225326609415432,8.838009435856046
191,17.18918918918919,2.9114114114114114,0.8013911346983199,13.194989328540759
192,11.65990990990991,2.093093093093093,0.8089657821280005,10.950178028282386
193,8.968468468468469,2.448948948948949,0.8160227934565233,9.671683542321357
194,11.141891891891891,2.596096096096096,0.8100597703945148,10.715901648596374
195,17.08783783783784,2.3978978978978978,0.8014859269172647,13.157279285877497
196,14.34009009009009,2.105105105105105,0.804565774808528,12.090294260202404
197,11.795045045045045,1.6771771771771773,0.8086961622318398,11.010477691431623
198,17.594594594594597,1.9594594594594594,0.8010228757351381,13.3447661264413
199,10.646396396396396,1.8228228228228227,0.8112055576055762,10.486940610371612
200,15.387387387387387,1.9684684684684686,0.8032623380783211,12.507684305228814
201,10.184684684684685,2.0585585585585586,0.8123732882070336,10.26902314512284
202,11.355855855855856,2.2357357357357355,0.809595835207225,10.813280259571046
203,7.2792792792792795,2.9294294294294296,0.8231049834638126,8.775464281332411
204,16.73873873873874,2.713213213213213,0.801821210625449,13.026555398330775
205,6.828828828828829,2.243243243243243,0.8255818733590022,8.52075341683808
206,17.763513513513512,2.8843843843843846,0.8008743906946921,13.40668028332179
207,17.245495495495497,2.415915915915916,0.8013389533003666,13.215892956158772
208,14.013513513513512,2.7387387387387387,0.8050120116646455,11.957169717729041
209,7.245495495495495,2.1471471471471473,0.8232801296664861,8.756614687566348
210,7.403153153153153,1.9624624624624625,0.822476381043811,8.844239915593633
211,9.024774774774775,2.018018018018018,0.8158321969471423,9.700144230120154
212,12.29054054054054,1.6816816816816818,0.8077581769573331,11.228818560557958
213,7.481981981981982,1.921921921921922,0.8220871397109715,8.88773241519532
214,11.085585585585585,1.84984984984985,0.8101848279140653,10.69012901877256
215,9.858108108108109,2.9654654654654653,0.8132650925519147,10.11206880362919
216,12.076576576576576,2.084084084084084,0.8081537932881615,11.135057943896381
217,17.63963963963964,2.755255255255255,0.8009830019321452,13.361304564667558
218,11.468468468468469,2.0735735735735736,0.8093585958071533,10.864183307277312
219,14.993243243243242,2.4264264264264264,0.8037315381846727,12.352252629535622
220,8.867117117117116,2.861861861861862,0.8163719438813508,9.620243833464665
221,12.6509009009009,2.743243243243243,0.8071220659184852,11.38499308720928
222,14.77927927927928,2.4174174174174174,0.8039967128185794,12.26705301916942
223,12.89864864864865,1.6996996996996998,0.8067053190956087,11.491136732389622
224,11.288288288288289,2.3633633633633635,0.8097404455504423,10.782623652853182
225,9.497747747747749,2.009009009009009,0.8143200962793469,9.936020190154782
226,14.06981981981982,2.28978978978979,0.8049335986121925,11.980227430381525
227,9.317567567567568,1.951951951951952,0.8148780964845224,9.846824001191463
228,12.864864864864865,2.741741741741742,0.8067612047783254,11.476720182702497
229,10.93918918918919,1.7987987987987988,0.8105159874385812,10.622829080500026
230,11.434684684684685,1.7552552552552552,0.8094292781144108,10.848937348941924
231,11.164414414414415,2.6006006006006004,0.8100100997275547,10.726193450032493
232,10.826576576576576,2.255255255255255,0.8107768042356869,10.570769890517974
233,8.022522522522522,2.621621621621622,0.8196231058924166,9.180478133383525
234,9.216216216216216,2.906906906906907,0.8152015261038912,9.796296889762473
235,11.73873873873874,2.6456456456456454,0.8088077511041972,10.98539287121323
236,13.957207207207206,1.8048048048048049,0.8050910564095651,11.934067598451405
237,12.256756756756756,2.4864864864864864,0.8078197262704107,11.214066149389284
238,10.105855855855856,2.7777777777777777,0.8125832897669625,10.231356676364966
239,12.47072072072072,2.301801801801802,0.8074355350122703,11.307174366779034
240,15.466216216216216,2.18018018018018,0.8031713641137226,12.538540045961133
241,8.765765765765765,2.876876876876877,0.816729136882479,9.568529864349683
242,17.81981981981982,2.666666666666667,0.8008255206516094,13.427255018908046
243,17.48198198198198,2.9159159159159156,0.8011234583424537,13.303330262250439
244,9.43018018018018,2.0675675675675675,0.8145268560346989,9.902665090466936
245,10.972972972972972,2.421921921921922,0.8104387836785225,10.638397425244097
246,11.772522522522522,2.6486486486486487,0.808740669968542,11.000450596212204
247,17.898648648648646,2.7057057057057055,0.8007576186596909,13.456006900324407
248,15.364864864864865,1.9384384384384385,0.8032885018756979,12.498854425314985
249,11.344594594594595,2.626126126126126,0.8096198175885683,10.808176833854294
250,7.54954954954955,2.478978978978979,0.8217599394614569,8.924844959754513
251,12.177927927927929,2.355855855855856,0.8079646666924679,11.179568471722895
252,15.105855855855856,2.951951951951952,0.8035949858509536,12.396859995161314
253,11.896396396396396,1.8588588588588588,0.8084979584504401,11.05548758608203
254,15.86036036036036,1.8183183183183182,0.8027300423997258,12.691696445042915
255,12.144144144144143,2.0525525525525525,0.8080273588556008,11.16475126115138
256,14.08108108108108,2.575075075075075,0.8049179911393033,11.984833666530339
257,11.02927927927928,2.7507507507507505,0.8103111591611167,10.664294426471267
258,15.68018018018018,2.0075075075075075,0.8029290399141695,12.621912101696415
259,9.993243243243242,1.8273273273273274,0.8128890219811304,10.177307135038006
260,12.786036036036036,1.5075075075075075,0.8068927510872363,11.4430112044587
261,8.033783783783784,2.924924924924925,0.8195752808832703,9.18647883514689
262,16.38963963963964,2.442942942942943,0.8021707616741061,12.894509292950499
263,15.961711711711711,2.0645645645645647,0.8026200782584832,12.730782455183716
264,10.297297297297296,1.65015015015015,0.8120788474231904,10.322595423902635
265,6.873873873873874,2.8543543543543546,0.825319667653726,8.546561512070335
266,14.531531531531531,2.7822822822822824,0.8043134991447701,12.16765771181247
267,17.313063063063062,1.6966966966966968,0.8012767831949899,13.240933839528125
268,15.027027027027026,2.7912912912912913,0.803690357873761,12.36565168844294
269,12.301801801801801,2.331831831831832,0.8077377354938148,11.233731743809662
270,9.047297297297298,1.6711711711711712,0.8157566201530486,9.711505335399785
271,7.5157657657657655,2.2072072072072073,0.8219228081118565,8.906307796312722
272,9.002252252252251,2.1906906906906904,0.8159081505059864,9.688769907855896
273,7.268018018018018,2.2642642642642645,0.8231631856445683,8.76918552987891
274,8.686936936936936,2.7792792792792795,0.8170126932175957,9.528115469430707
275,17.62837837837838,2.9774774774774775,0.800992951297511,13.357171871009337
276,13.855855855855856,1.512012012012012,0.8052349533460993,11.892371058243626
277,12.718468468468469,2.219219219219219,0.8070068005159892,11.414038865674415
278,8.10135135135135,2.978978978978979,0.8192911100599045,9.222401867479816
279,7.20045045045045,1.647147147147147,0.8235161998026685,8.731419383585648
280,12.605855855855856,2.527027027027027,0.8071995946925767,11.365588159377863
281,16.603603603603602,2.3723723723723724,0.8019547789365584,12.975599821739426
282,6.806306306306307,2.7492492492492495,0.8257142692893104,8.507820422727534
283,13.292792792792792,2.3213213213213213,0.8060742723136911,11.658017461933056
284,15.263513513513512,2.5045045045045047,0.8034071932480463,12.45904273185283
285,8.878378378378379,1.557057057057057,0.8163327572373361,9.62597282117683
286,13.63063063063063,1.503003003003003,0.8055623734265633,11.799186295224471
287,11.108108108108109,1.8303303303303302,0.8101346531400857,10.70044548137606
288,17.684684684684683,2.2792792792792795,0.8009433310592319,13.377822598077701
289,13.608108108108109,1.8663663663663663,0.8055957105662332,11.78982744688316
290,9.734234234234235,2.5675675675675675,0.8136189677217309,10.051897513530758
291,10.117117117117116,2.487987987987988,0.8125530897757415,10.236746033167575
292,11.783783783783782,1.6531531531531531,0.8087183948793444,11.005465280577086
293,11.67117117117117,1.5525525525525525,0.808943075858833,10.955215618342224
294,8.664414414414415,2.9129129129129128,0.8170946532077342,9.516537243735934
295,11.997747747747749,2.466966966966967,0.8083030962519429,11.100315787728078
296,14.722972972972972,2.5015015015015014,0.8040677748507172,12.24453381957055
297,12.54954954954955,1.53003003003003,0.807297286828167,11.341285495629599
298,12.414414414414413,2.2087087087087087,0.807535356533528,11.282746391979767
299,13.585585585585585,2.6396396396396398,0.8056291580596194,11.780461188809445
300,14.666666666666666,1.9864864864864864,0.8041393817432789,12.221973248373004
301,14.632882882882882,2.4384384384384385,0.8041826100234581,12.208416952469372
302,13.686936936936936,1.5135135135135136,0.8054795098075146,11.822551113128391
303,14.32882882882883,2.918918918918919,0.8045808241764998,12.085728093666436
304,15.083333333333332,2.72972972972973,0.8036221334140233,12.38795133655868
305,7.898648648648649,2.84984984984985,0.8201581384580243,9.114212322538197
306,7.718468468468468,2.3993993993993996,0.8209668727102573,9.016965543835802
307,8.45045045045045,2.4894894894894897,0.8178949725203271,9.40583952656935
308,11.93018018018018,2.0435435435435436,0.8084326372909961,11.070450399916863
309,10.59009009009009,2.936936936936937,0.8113425270759428,10.460606962046427
310,8.822072072072071,2.593093093093093,0.8165296870236917,9.597293964851133
311,13.765765765765765,1.6561561561561562,0.8053646377487766,11.855184755733424
312,17.97747747747748,2.803303303303303,0.8006903115907396,13.484697596601373
313,13.10135135135135,2.1516516516516515,0.8063760468314578,11.577260450257114
314,15.635135135135135,2.4714714714714714,0.8029795050554224,12.604405800340935
315,11.074324324324325,2.2942942942942945,0.8102099916456041,10.684967071520504
316,16.77252252252252,1.6921921921921923,0.8017881544822527,13.039263248445518
317,12.63963963963964,2.394894894894895,0.807141396404395,11.38014494502364
318,14.846846846846846,1.5045045045045045,0.8039121488834767,12.294021766334048
319,6.7725225225225225,2.5,0.8259145035107852,8.488384508071773
320,14.903153153153152,2.1636636636636637,0.8038422638784732,12.316450741290208
321,12.45945945945946,2.298798798798799,0.8074554272794939,11.302292978360072
322,13.326576576576576,2.515015015015015,0.8060219164690077,11.672210906902047
323,7.166666666666667,2.273273273273273,0.8236951885282063,8.712475691671887
324,6.986486486486487,2.069069069069069,0.8246788534815271,8.610747962194617
325,11.84009009009009,2.1366366366366365,0.8086076536437212,11.030504661120315
326,7.628378378378378,2.8258258258258255,0.8213854934343631,8.967951014406987
327,17.954954954954957,1.8723723723723724,0.8007094819317682,13.476506475479393
328,8.304054054054054,2.8573573573573574,0.8184662205855745,9.32934906811243
329,7.81981981981982,1.602102102102102,0.8205073964740983,9.071793768203284
330,14.542792792792792,1.632132132132132,0.8042988659446809,12.172193236353822
331,15.837837837837837,2.7372372372372373,0.8027546697732041,12.682994347713903
332,11.873873873873872,2.315315315315315,0.8085417119523376,11.045501166463174
333,13.135135135135135,2.310810810810811,0.8063221544220599,11.591552421821687
334,17.92117117117117,2.06006006006006,0.8007383277050245,13.464210468447462
335,13.754504504504503,1.5435435435435436,0.8053809675578936,11.850528290428628
336,9.193693693693694,2.975975975975976,0.8152743643221327,9.785033477467994
337,12.02027027027027,2.3903903903903903,0.8082602388574317,11.110253155307865
338,17.786036036036037,2.2162162162162162,0.8008548055823348,13.414913956801948
339,12.20045045045045,2.9834834834834836,0.8079230644120987,11.189435757921242
340,8.585585585585585,2.4474474474474475,0.8173848857608418,9.47590300916619
341,11.885135135135135,2.653153153153153,0.8085198145172859,11.050495499318394
342,16.31081081081081,2.403903903903904,0.8022517610464254,12.864505285896273
343,13.213963963963963,2.957957957957958,0.8061974752675712,11.624832272313418
344,14.756756756756756,1.593093093093093,0.8040250726466093,12.258050289407437
345,9.813063063063062,2.3123123123123124,0.8133927439647026,10.090229575100071
346,15.984234234234235,2.996996996996997,0.8025958309346745,12.739451989860806
347,16.997747747747745,2.424924924924925,0.8015711346770991,13.123668476493348
348,9.092342342342342,2.894894894894895,0.8156065857145097,9.734188076965124
349,11.49099099099099,2.3243243243243246,0.8093117046373978,10.87433546170719
350,11.502252252252251,1.7717717717717718,0.8092883277583076,10.879408003410804
351,7.313063063063063,2.893393393393393,0.822931446345352,8.79427396809653
352,8.225225225225225,1.9339339339339339,0.81878220130338,9.28790342226774
353,15.533783783783784,2.9354354354354353,0.8030941203972992,12.564927672789413
354,7.493243243243243,2.2672672672672673,0.8220321987486721,8.893928469711254
355,15.804054054054054,1.5465465465465464,0.8027917422872434,12.669930023104763
356,16.04054054054054,2.244744744744745,0.8025355101739284,12.761100121471852
357,16.02927927927928,2.063063063063063,0.8025475404636204,12.756773426919688
358,12.054054054054053,2.816816816816817,0.8081962524302737,11.12514263617209
359,16.704954954954957,1.7567567567567568,0.8018544003283896,13.01383516686414
360,15.274774774774775,2.2627627627627627,0.8033939276363743,12.463472516489883
361,9.17117117117117,1.8093093093093093,0.8153475590130315,9.773757183640063
362,11.76126126126126,2.1396396396396398,0.8087629876209906,10.995433635256214
363,9.711711711711711,2.31981981981982,0.8136842754675807,10.040918798892509
364,15.522522522522522,1.506006006006006,0.8031069477097482,12.560533574689952
365,15.353603603603602,2.1756756756756754,0.8033016125226983,12.494437151524721
366,10.781531531531531,2.1306306306306304,0.8108826525822974,10.54987467511694
367,14.283783783783782,2.364864864864865,0.8046412585947834,12.06744620275744
368,9.655405405405405,2.2387387387387387,0.8138488735075127,10.01341970881589
369,16.524774774774777,2.8708708708708706,0.8020337015218943,12.945783323817441
370,16.344594594594597,2.0870870870870872,0.8022169514674684,12.877372686283534
371,14.126126126126126,2.74024024024024,0.804855809713822,12.00324099062211
372,17.065315315315317,2.7642642642642645,0.8015071446029669,13.148884620770382
373,12.707207207207208,2.635135135135135,0.8070259264512517,11.409203017580992
374,16.873873873873876,2.7627627627627627,0.8016897794004073,13.077312869795092
375,14.914414414414415,1.5765765765765765,0.80382835011208,12.320931650583479
376,7.583333333333333,2.7807807807807805,0.8215985143447769,8.943344137283228
377,8.0,1.9774774774774775,0.8197191579423653,9.168465066174052
378,14.43018018018018,2.7687687687687688,0.8044462242347313,12.126761884830573
379,10.68018018018018,2.5615615615615615,0.8111240673064981,10.502709284343206
380,13.225225225225225,2.313813813813814,0.8061797850802062,11.629578790468647
381,10.691441441441441,2.5705705705705704,0.8110970180155067,10.507960279874593
382,8.405405405405405,1.8018018018018018,0.8180686308154352,9.382369811326937
383,10.274774774774775,1.6981981981981982,0.812137220722176,10.311903098728399
384,12.391891891891891,2.878378378378378,0.8075755386427892,11.27296044119867
385,14.407657657657658,1.7897897897897899,0.8044759719183229,12.117655236364868
386,14.745495495495495,1.518018018018018,0.8040392850034992,12.253546451296165
387,15.33108108108108,2.954954954954955,0.8033278915241283,12.485597928066236
388,8.81081081081081,1.7477477477477477,0.8165693738515919,9.5915479883595
389,11.277027027027028,1.6441441441441442,0.8097647153517679,10.777505782485564
390,10.57882882882883,2.9924924924924925,0.811370095465838,10.455332318341787
391,6.918918918918919,1.8393393393393394,0.8250608545065398,8.572292979809857
392,16.0518018018018,2.0765765765765765,0.8025234967443072,12.765425353105769
393,6.952702702702703,1.5165165165165164,0.8248689316777363,8.59154169565415
394,15.128378378378377,2.744744744744745,0.803567919013432,12.405762273966046
395,14.35135135135135,2.66966966966967,0.8045507490238577,12.094858708139816
396,15.443693693693694,1.5555555555555556,0.803197262028644,12.529731853261595
397,13.304054054054053,2.1171171171171173,0.806056790871336,11.662750522680616
398,12.83108108108108,2.5765765765765765,0.806817384212785,11.462285569990524
399,12.98873873873874,1.9234234234234235,0.8065577093382394,11.529493067721088
400,14.25,2.4129129129129128,0.804686834772006,12.053716644051617
401,17.74099099099099,1.8618618618618619,0.8008940254867013,13.39844156005443
402,12.504504504504503,1.5660660660660661,0.8073760727687079,11.321805955574819
403,13.472972972972972,2.728228228228228,0.8057980701596571,11.733518135358796
404,15.218468468468467,1.584084084084084,0.8034604517631972,12.44130786340626
405,16.93018018018018,2.8978978978978978,0.8016356349777554,13.09840389306448
406,15.477477477477477,1.8408408408408408,0.8031584433851848,12.542941828827194
407,8.472972972972972,2.5285285285285286,0.8178088328745642,9.417552648602731
408,12.425675675675675,1.6246246246246245,0.8075153199968994,11.287636198895862
409,15.657657657657657,2.1456456456456454,0.8029542362341126,12.613161980470961
410,16.637387387387385,1.6141141141141142,0.8019211836632558,12.988357415006316
411,15.31981981981982,1.9024024024024024,0.8033410599632518,12.481175975104861
412,15.77027027027027,1.6666666666666667,0.8028289734455537,12.65685224742248
413,12.515765765765765,2.6771771771771773,0.8073563232192988,11.326678968635397
414,17.72972972972973,2.2957957957957955,0.8009038615716647,13.394320301850737
415,8.484234234234235,2.683183183183183,0.8177659338345227,9.423403798915716
416,8.957207207207208,2.3483483483483485,0.8160611992296203,9.66598142885112
417,16.55855855855856,2.1666666666666665,0.8019997856451678,12.958570204404802
418,16.175675675675677,1.8168168168168168,0.802392451727784,12.812906769707329
419,12.031531531531531,2.8228228228228227,0.8082388702049776,11.11521852206293
420,11.198198198198199,1.7777777777777777,0.8099359674510754,10.741612757127566
421,16.367117117117118,2.1276276276276276,0.8021938248261241,12.885943831646129
422,10.961711711711711,1.6906906906906907,0.8104644655223683,10.633210496264377
423,15.454954954954955,1.7582582582582582,0.8031843036478528,12.534136721311478
424,9.95945945945946,1.5915915915915917,0.8129820857791635,10.161036566643077
425,16.085585585585584,1.9354354354354355,0.8024875572623172,12.778392285275865
426,9.103603603603604,2.6996996996997,0.8155693082519629,9.73985057260774
427,13.54054054054054,2.8393393393393396,0.8056963863053903,11.761706373148048
428,17.324324324324323,2.3693693693693696,0.8012664686107553,13.245102727022159
429,11.051801801801801,2.1486486486486487,0.8102604725731379,10.674635727342864
430,7.38063063063063,1.912912912912913,0.8225891116344052,8.83177461306921
431,10.004504504504505,2.9504504504504503,0.8128581399659892,10.182724917432875
432,8.61936936936937,2.81981981981982,0.8172598529746831,9.493338793893392
433,12.538288288288289,2.966966966966967,0.8073169303441035,11.336418735997963
434,8.045045045045045,1.515015015015015,0.8195275891390026,9.192475658949775
435,16.153153153153152,2.6036036036036037,0.8024161287716588,12.80428684971207
436,16.536036036036037,2.9174174174174174,0.8020223808485543,12.950047017004014
437,9.666666666666666,1.7822822822822824,0.8138158009940907,10.018925523766512
438,13.88963963963964,1.5315315315315314,0.805186754731817,11.906286077032437
439,13.945945945945946,2.0975975975975976,0.8051069418335716,11.929441823258728
440,7.054054054054054,1.6891891891891893,0.8243041258369463,8.649034244939534
441,15.24099099099099,2.786786786786787,0.8034337832051573,12.450178446950508
442,17.02027027027027,2.0285285285285286,0.8015497482602105,13.13207922631795
443,15.39864864864865,1.6756756756756757,0.8032492848439915,12.512096914628264
444,8.574324324324325,1.8978978978978978,0.8174267814134013,9.470084009441928
445,11.29954954954955,2.2537537537537538,0.8097162240097904,10.787739107307306
446,8.844594594594595,1.605105105105105,0.8164506153818526,9.608775694643674
447,8.72072072072072,2.1021021021021022,0.8168905438524631,9.545456699614583
448,14.554054054054053,1.8003003003003002,0.8042842553572754,12.176727076539901
449,7.121621621621622,2.8078078078078077,0.8239364662109002,8.687153994438338
450,16.5472972972973,2.5885885885885886,0.8020110755667642,12.95430931007479
451,7.065315315315315,2.9714714714714714,0.8242423638302679,8.655399043492055
452,16.1981981981982,1.6396396396396395,0.8023688404507054,12.821520908369804
453,14.114864864864865,2.1726726726726726,0.8048713179189805,11.998641798645846
454,9.463963963963964,2.051051051051051,0.8144231083611017,9.919356560219356
455,11.11936936936937,2.774774774774775,0.8101096417893778,10.70560000381142
456,7.988738738738739,2.460960960960961,0.8197673861094998,9.1624526857684
457,16.006756756756758,1.7402402402402402,0.8025716517653325,12.748115643132063
458,11.704954954954955,2.8963963963963963,0.808875218619157,10.970314573297157
459,11.457207207207208,2.5795795795795797,0.8093821103671149,10.85910368800739
460,12.594594594594595,2.9804804804804803,0.8072190633728981,11.36073176907499
461,13.923423423423422,2.62012012012012,0.8051387896504055,11.920184905039703
462,8.382882882882882,2.346846846846847,0.8181561568326715,9.37061311136835
463,8.70945945945946,1.7762762762762763,0.8169311554338133,9.5396797623805
464,12.11036036036036,2.493993993993994,0.8080904000803618,11.149914444430262
465,11.952702702702702,2.4534534534534536,0.8083892945584829,11.080414433736713
466,13.653153153153152,1.9504504504504505,0.8055291460956671,11.808537751326444
467,13.0,2.506006006006006,0.8065394017112635,11.534278674828323
468,16.47972972972973,2.0705705705705704,0.8020791387608828,12.928714522333756
469,16.648648648648646,1.972972972972973,0.8019100155045211,12.992607168643222
470,8.416666666666666,2.376876876876877,0.8180250427195657,9.388242690676257
471,13.25900900900901,2.87987987987988,0.8061268945052688,11.643806777363375
472,9.88063063063063,1.8438438438438438,0.8132017019580154,10.12297086561993
473,17.425675675675677,1.7267267267267268,0.801174236670802,13.282563955957228
474,13.315315315315315,1.9474474474474475,0.8060393389479956,11.66748167023389
475,8.923423423423424,2.1936936936936937,0.8161769959661023,9.648855032349324
476,12.00900900900901,2.7207207207207205,0.8082816475023207,11.105285578176314
477,17.943693693693692,2.045045045045045,0.8007190851319946,13.47240905097854
478,16.20945945945946,2.542042042042042,0.8023570593891772,12.825825813323751
479,11.682432432432432,1.870870870870871,0.8089204132681012,10.960250903769904
480,8.54054054054054,2.391891891891892,0.8175531285474772,9.452605706126292
481,6.93018018018018,2.036036036036036,0.8249966736197069,8.578713952117228
482,16.13063063063063,1.9084084084084085,0.8024398718573871,12.795661136758133
483,16.90765765765766,2.9204204204204203,0.8016572495174229,13.08997155275533
484,11.614864864864865,2.015015015015015,0.809057046522398,10.930004558594359
485,14.50900900900901,2.846846846846847,0.8043428335932087,12.158581602170146
486,10.13963963963964,2.0915915915915915,0.8124928904456663,10.247516296592925
487,9.576576576576576,1.5810810810810811,0.8140825518532843,9.974794498892022
488,10.432432432432432,1.924924924924925,0.8117338857357064,10.386519600519192
489,9.79054054054054,1.5255255255255256,0.8134570087706696,10.079292333569127
490,8.99099099099099,2.385885885885886,0.8159462694526161,9.68307777604758
491,12.527027027027028,1.9204204204204205,0.8073366091095123,11.331549894553893
492,16.186936936936938,2.0,0.8023806378855265,12.81721456098006
493,12.628378378378379,2.0225225225225225,0.8071607613007222,11.375294744732036
494,11.243243243243242,2.557057057057057,0.8098378157653237,10.762137641790465
495,15.927927927927927,2.1621621621621623,0.8026565776652634,12.717767099353111
496,10.916666666666666,2.09009009009009,0.8105677214106477,10.612437563291463
497,15.252252252252251,2.0405405405405403,0.8034204784232107,12.45461137589585
498,17.66216216216216,2.0105105105105103,0.800963141226343,13.36956612726514
499,9.587837837837839,2.5165165165165164,0.8140489347480213,9.980321474675147
500,11.547297297297298,1.7162162162162162,0.8091952751631555,10.899674676142933
501,16.11936936936937,2.1771771771771773,0.8024517682523209,12.79134610427793
502,9.013513513513514,2.5195195195195197,0.8158701264553228,9.694458723968415
503,11.82882882882883,2.189189189189189,0.8086297177308237,11.025501313637315
504,10.804054054054053,2.078078078078078,0.8108296183665193,10.560327422716332
505,9.41891891891892,2.1156156156156154,0.8145616034193125,9.89709505662374
506,14.5990990990991,2.813813813813814,0.8042260380899118,12.194845631062565
507,13.236486486486486,2.3603603603603602,0.8061621249416262,11.634323379134912
508,17.144144144144143,2.6741741741741745,0.8014331263490552,13.178242603339653
509,9.385135135135135,2.8363363363363363,0.814666344187823,9.880366250923707
510,11.558558558558559,2.638138138138138,0.8091721250818478,10.90473548701518
511,7.1891891891891895,1.8513513513513513,0.8235756768854849,8.72510933198772
512,8.01126126126126,1.9294294294294294,0.8196710647249164,9.174473546215236
513,14.824324324324325,2.591591591591592,0.8039402513279298,12.285038743282497
514,13.641891891891891,2.6936936936936937,0.8055457460689373,11.803862946214736
515,10.342342342342342,1.9924924924924925,0.811962861383789,10.343947115633995
516,12.977477477477478,1.7462462462462462,0.8065760486813397,11.52470548083271
517,7.943693693693694,1.6006006006006006,0.8199616596808272,9.138364009837247
518,12.155405405405405,2.481981981981982,0.8080064228265993,11.169692505982374
519,8.551801801801801,1.9954954954954955,0.8175109023744336,9.458435364357603
520,8.596846846846846,2.8123123123123124,0.8173430994209553,9.481718468894103
521,11.907657657657658,2.457957957957958,0.8084761436347655,11.060477429766769
522,7.695945945945946,2.1816816816816815,0.821070613735603,9.004736649024549
523,16.468468468468465,2.671171171171171,0.8020905368653211,12.924443807863858
524,10.995495495495495,1.90990990990991,0.8103875774117913,10.648763743600343
525,15.342342342342342,1.6216216216216217,0.8033147423914134,12.490018319656848
526,17.054054054054056,1.5675675675675675,0.8015177744399342,13.144685282103172
527,9.948198198198199,1.7132132132132132,0.8130132470810041,10.155607288322281
528,17.11036036036036,2.3573573573573574,0.8014647650318949,13.165668609837365
529,9.34009009009009,2.5075075075075075,0.8148071731505923,9.858017339079021
530,7.864864864864865,2.8663663663663663,0.8203069673537529,9.096056910710328
531,10.477477477477478,2.4774774774774775,0.811620870457582,10.407740922439674
532,14.981981981981981,1.6621621621621623,0.8037453061706078,12.347783054502429
533,13.123873873873872,2.066066066066066,0.8063400877834578,11.586790382876956
534,15.57882882882883,1.563063063063063,0.8030429963623331,12.58248875971854
535,9.23873873873874,2.7087087087087087,0.8151290417635634,9.807547464188776
536,10.1509009009009,2.316816816816817,0.8124628906633516,10.252897211975275
537,9.06981981981982,1.936936936936937,0.8156814173306784,9.722853269249368
538,9.644144144144144,1.9654654654654655,0.8138820230069764,10.007910885648233
539,15.184684684684685,1.8333333333333333,0.8035006027407484,12.427990148796537
540,14.182432432432432,2.6576576576576576,0.8047786375505621,12.026210650256854
541,17.132882882882882,2.7042042042042045,0.8014436587270982,13.174052602808773
542,10.218468468468469,2.3003003003003,0.8122842765117914,10.285123949807442
543,16.817567567567565,1.8423423423423424,0.801744285995063,13.05618785091218
544,10.39864864864865,2.4804804804804803,0.8118192879576905,10.370575278233803
545,17.177927927927925,2.43993993993994,0.8014016119859405,13.190804636261118
546,7.774774774774775,1.6156156156156156,0.8207101365653756,9.04746624875666
547,14.88063063063063,1.945945945945946,0.8038701545025654,12.307484042314492
548,14.835585585585585,1.7387387387387387,0.8039261894544686,12.289531073235278
549,13.067567567567568,1.5615615615615615,0.8064302174071114,11.562950878582114
550,10.454954954954955,2.4504504504504503,0.811677256701367,10.397135644224493
551,7.099099099099099,1.9264264264264264,0.8240582464423383,8.674465783108072
552,13.07882882882883,2.433933933933934,0.8064121295084504,11.567722695374096
553,13.36036036036036,1.6456456456456456,0.8059698249552933,11.686387174618254
554,16.288288288288285,1.5825825825825826,0.8022750475623712,12.855919880858313
555,8.394144144144144,1.7237237237237237,0.8181123353642574,9.376493287131794
556,15.995495495495495,1.8693693693693694,0.8025837328486602,12.743784550926085
557,11.31081081081081,1.6336336336336337,0.8096920505861183,10.792852149247135
558,9.204954954954955,1.8363363363363363,0.8152379008166928,9.790666791072102
559,17.166666666666664,2.888888888888889,0.801412103005588,13.186618618805971
560,6.885135135135135,1.509009009009009,0.825254648893608,8.553001536599828
561,11.817567567567568,2.4054054054054053,0.8086518237779867,11.020495704898194
562,8.506756756756756,2.7537537537537538,0.8176804750718832,9.435095311043526
563,7.9324324324324325,2.4654654654654653,0.8200105711789516,9.132332014401841
564,17.887387387387385,2.34984984984985,0.8007672823371772,13.451903243827143
565,10.443693693693694,2.9324324324324325,0.8117055407719052,10.391828970093954
566,8.371621621621621,2.021021021021021,0.8182000956898099,9.364729277293709
567,7.740990990990991,1.6591591591591592,0.8208637323159255,9.02917805606248
568,9.61036036036036,2.6171171171171173,0.8139819361162086,9.991366317800862
569,7.132882882882883,2.7522522522522523,0.823875862783553,8.693491244886065
570,9.5990990990991,1.6366366366366367,0.8140153962607177,9.985845412656747
571,13.394144144144143,2.3783783783783785,0.8059179957769037,11.700546327056271
572,10.364864864864865,2.3423423423423424,0.8119052453504627,10.3546065492934
573,6.75,2.698198198198198,0.8260490992016465,8.475402823428821
574,6.963963963963964,2.463963963963964,0.8248053686345904,8.59794848744402
575,7.72972972972973,2.785285285285285,0.82091522776015,9.023073843710465
576,8.236486486486486,2.606606606606607,0.8187366925366477,9.293835437445034
577,13.16891891891892,1.6786786786786787,0.8062685380430691,11.605826857799487
578,14.587837837837839,1.6426426426426426,0.8042405587484693,12.190318509640626
579,9.632882882882882,2.9564564564564564,0.8139152497613144,10.002399049365922
580,6.783783783783784,1.9324324324324325,0.8258475386205192,8.494868017102862
581,10.612612612612612,2.3678678678678677,0.8112875653454725,10.47114832361134
582,8.213963963963964,1.9894894894894894,0.8188278342980103,9.281967652184795
583,13.112612612612612,2.56006006006006,0.8063580518935556,11.582026393152015
584,11.592342342342342,2.3453453453453452,0.8091029440973219,10.919903913691225
585,9.126126126126126,2.7222222222222223,0.8154950283190815,9.751165775492977
586,13.056306306306306,2.3078078078078077,0.80644833645272,11.558177099012413
587,16.265765765765764,1.6261261261261262,0.8022983984924922,12.847328752039767
588,14.52027027027027,2.2222222222222223,0.8043281550100546,12.163120501043261
589,11.22072072072072,1.6306306306306306,0.809886793337997,10.751880072415753
590,16.67117117117117,2.0135135135135136,0.8018877244018692,13.001102517872402
591,7.853603603603604,2.2117117117117115,0.8203568601407298,9.08999713285028
592,13.427927927927929,1.9039039039039038,0.8058664269582222,11.714688425820494
593,13.202702702702702,2.111111111111111,0.8062151955804346,11.620083822322618
594,17.155405405405403,2.65015015015015,0.8014226077842675,13.182431274918436
595,9.50900900900901,2.83033033033033,0.8142859210345529,9.941568570676317
596,15.916666666666666,1.539039039039039,0.8026687785249529,12.71342569372155
597,9.441441441441441,2.2372372372372373,0.8144921912591693,9.908232015578447
598,11.626126126126126,2.0165165165165164,0.8090341642715804,10.935051398764285
599,17.27927927927928,2.863363363363363,0.8013078075328895,13.228419310633887
600,11.04054054054054,2.8558558558558556,0.8102857900811665,10.66946632328275
601,15.781531531531531,2.40990990990991,0.8028165453695195,12.661213003105543
602,13.596846846846846,1.6726726726726726,0.8056124204845123,11.785145245158855
603,9.68918918918919,2.1426426426426426,0.8137498858562582,10.029928148541547
604,12.36936936936937,1.6951951951951951,0.807615866793439,11.263166022955971
605,15.556306306306306,2.554054054054054,0.8030685214171629,12.57371127415767
606,11.423423423423422,1.7327327327327327,0.8094529315742226,10.843850622557403
607,14.813063063063062,2.9609609609609606,0.8039543345523554,12.280544774690044
608,13.27027027027027,2.0825825825825826,0.8061093240553612,11.648545591595216
609,11.85135135135135,2.328828828828829,0.8085856313974099,11.035505750393643
610,11.096846846846848,1.6546546546546548,0.8101597151303742,10.69528848754236
611,11.716216216216216,2.584084084084084,0.808852686310754,10.975342963663184
612,7.887387387387387,1.7297297297297298,0.820207607114896,9.108164497783594
613,16.277027027027025,2.758258258258258,0.8022867149589734,12.851625032635354
614,11.175675675675675,1.7027027027027026,0.8099853392890156,10.73133566825075
615,15.004504504504505,2.2777777777777777,0.8037177908374311,12.356720592378585
616,11.536036036036036,1.7417417417417418,0.8092184703394066,10.894611525580912
617,17.26801801801802,2.605105105105105,0.8013181759280588,13.224245174747265
618,8.135135135135135,2.4144144144144146,0.8191507867161196,9.24031152845108
619,14.948198198198197,2.96996996996997,0.8037867344261828,12.334364638834106
620,9.475225225225225,1.524024024024024,0.8143886896549029,9.92491419002001
621,8.9009009009009,2.7672672672672673,0.8162546802849113,9.637420662885704
622,12.403153153153152,1.8123123123123124,0.8075554293825783,11.27785447365573
623,6.941441441441442,2.2267267267267266,0.8249326996758376,8.585130187299189
624,10.286036036036036,2.361861861861862,0.8121080022099288,10.31725063810165
625,8.945945945945946,2.963963963963964,0.8160997013303437,9.660275976580289
626,11.265765765765765,2.451951951951952,0.8097890335580327,10.772385492797305
627,9.925675675675675,3.0,0.8130757811625208,10.14474007105805
628,16.896396396396398,2.8108108108108105,0.801668078373182,13.085753349407161
629,12.943693693693692,2.370870870870871,0.8066312578332124,11.510330816965459
630,15.015765765765765,1.8888888888888888,0.8037040640825316,12.361186944769376
631,13.70945945945946,1.5795795795795795,0.8054465546378514,11.831884164715957
632,12.92117117117117,1.8933933933933935,0.8066682240341185,11.500737763781979
633,8.292792792792792,1.5735735735735736,0.8185109945124147,9.323439435324014
634,8.112612612612612,1.5945945945945945,0.8192442063489493,9.228375578549418
635,10.657657657657658,2.3378378378378377,0.8111783369212631,10.492199453473699
636,17.29054054054054,2.075075075075075,0.80129745262985,13.23259213256837
637,9.362612612612612,2.6471471471471473,0.8147365898640033,9.869198074951619
638,11.333333333333332,1.6681681681681682,0.809643847517783,10.803071009141162
639,10.072072072072071,2.5105105105105103,0.8126742937268415,10.215171652802207
640,16.626126126126124,2.5990990990990994,0.8019323669343706,12.98410627354857
641,10.094594594594595,1.9054054054054055,0.8126135569395867,10.22596449697717
642,8.27027027027027,2.5345345345345347,0.818600906559083,9.31160902381584
643,12.932432432432432,2.509009009009009,0.8066497248680693,11.505535286412039
644,13.43918918918919,2.984984984984985,0.8058492948710965,11.71939867963135
645,12.966216216216216,2.3513513513513513,0.806594419823004,11.51991591171418
646,8.934684684684685,2.834834834834835,0.8161383001210972,9.654567179691167
647,8.123873873873874,1.5105105105105106,0.8191974320791139,9.234345463119848
648,8.281531531531531,2.696696696696697,0.8185558896728063,9.317526089535374
649,16.72747747747748,2.3393393393393396,0.8018322589798863,13.022316698663719
650,8.16891891891892,2.536036036036036,0.8190116187692595,9.258186881270657
651,10.387387387387388,2.16966966966967,0.8118478784698006,10.365255085934995
652,17.38063063063063,1.59009009009009,0.8012150959793577,13.265927553835844
653,6.997747747747748,2.6126126126126126,0.8246158994214454,8.617140665498203
654,7.301801801801802,1.5345345345345345,0.8229891146326552,8.788008491212853
655,13.72072072072072,2.343843843843844,0.8054301175597209,11.836547940102614
656,8.326576576576576,2.3528528528528527,0.8183770344764345,9.341157222305275
657,9.86936936936937,2.4684684684684686,0.8132333612016008,10.1175212934262
658,11.4009009009009,2.3228228228228227,0.8095003783513901,10.833670039555287
659,7.572072072072072,2.1921921921921923,0.821652163508691,8.937181951219129
660,15.894144144144144,1.966966966966967,0.8026932320494243,12.704738442889811
661,8.777027027027026,2.7942942942942945,0.8166890429890103,9.574289540174918
662,10.75900900900901,1.542042042042042,0.8109359082603865,10.539411617487318
663,15.48873873873874,2.204204204204204,0.8031455414212902,12.547342071523486
664,7.4707207207207205,1.7282282282282282,0.8221422454162004,8.881532088280476
665,11.231981981981981,1.981981981981982,0.8098622800577686,10.757010073617666
666,9.70045045045045,2.198198198198198,0.8137170427003766,10.035424968095723
667,15.75900900900901,2.4834834834834836,0.8028414192620013,12.6524899925641
668,16.50225225225225,2.006006006006006,0.8020563891690786,12.937251731585533
669,12.38063063063063,2.77027027027027,0.8075956844132572,11.268064291877673
670,13.934684684684683,1.9174174174174174,0.8051228528931607,11.924814259477824
671,14.204954954954955,1.7852852852852852,0.8047479397315801,12.035386277892655
672,16.164414414414416,1.957957957957958,0.8024042820117165,12.808597533102006
673,17.617117117117118,2.9744744744744747,0.8010029133702198,13.353037900873186
674,7.29054054054054,1.7072072072072073,0.8230469600668266,8.781738598695686
675,17.21171171171171,1.8903903903903903,0.8013702212114913,13.20335474259113
676,8.067567567567568,2.225225225225225,0.8194326032266729,9.204457702334976
677,16.86261261261261,2.3333333333333335,0.8017006516296464,13.073090590913498
678,13.698198198198199,2.4234234234234235,0.8054630186982966,11.827218556442812
679,16.096846846846844,1.6096096096096095,0.8024756109199216,12.782711680002233
680,13.3490990990991,2.0195195195195197,0.8059871595466929,11.681663656796589
681,14.193693693693692,1.8963963963963963,0.8047632764815208,12.030799336102444
682,12.954954954954955,2.858858858858859,0.8066128228459574,11.515124357911457
683,12.695945945945946,2.6636636636636637,0.8070450862522948,11.404365126938291
684,17.84234234234234,2.4024024024024024,0.8008060589168642,13.435476108347752
685,10.86036036036036,2.6426426426426426,0.8106979927137221,10.586414383373043
686,14.97072072072072,1.575075075075075,0.8037590948417275,12.343311865537835
687,16.41216216216216,2.981981981981982,0.8021477617504256,12.903069081461785
688,9.52027027027027,2.9144144144144146,0.8142518263703801,9.947113878269125
689,14.317567567567568,2.2762762762762763,0.804595897183311,12.081160206595653
690,11.445945945945946,2.848348348348348,0.8094056710908767,10.85402170299249
691,15.725225225225225,2.3543543543543546,0.8028788635343351,12.639394217493297
692,8.157657657657658,2.159159159159159,0.8190578805881812,9.252232230322859
693,7.076576576576577,2.304804804804805,0.8241807972105406,8.661759226128908
694,16.445945945945944,2.475975975975976,0.8021133798506365,12.91589815229304
695,9.531531531531531,2.274774774774775,0.8142178120024829,9.952656117992333
696,17.75225225225225,2.2207207207207205,0.8008842018689373,13.40256155349103
697,15.22972972972973,2.4279279279279278,0.8034471076373042,12.445743943345423
698,14.858108108108107,2.340840840840841,0.8038981295666061,12.298510824361236
699,8.88963963963964,2.7162162162162162,0.8162936694963508,9.631698429010811
700,10.545045045045045,2.241741741741742,0.811453152969341,10.439492488056821
701,17.39189189189189,2.6246246246246248,0.8012048613297127,13.270088605647423
702,16.986486486486484,1.9804804804804805,0.80158184913061,13.11946108393557
703,14.41891891891892,1.6846846846846848,0.8044610864768457,12.122209413170463
704,9.677927927927929,1.5495495495495495,0.8137828051991227,10.024428335384599
705,8.461711711711711,2.714714714714715,0.8178518456191575,9.411697893354502
706,6.851351351351352,2.788288288288288,0.825450342290073,8.5336670849762
707,7.876126126126126,2.8423423423423424,0.8202572165465432,9.102112696427053
708,10.556306306306306,2.8213213213213213,0.8114254082252834,10.4447750853161
709,12.774774774774775,2.2477477477477477,0.8069116756995335,11.438187557798292
710,7.504504504504505,2.6441441441441444,0.8219774217929574,8.900120260527107
711,12.27927927927928,1.7537537537537538,0.8077786558393636,11.223903235598506
712,17.00900900900901,1.587087087087087,0.8015604343963301,13.127874523525112
713,12.358108108108109,2.334834834834835,0.8076360858831522,11.258265631690918
714,7.966216216216216,2.8753753753753752,0.8198642495676138,9.15041619377868
715,16.65990990990991,2.3093093093093096,0.801898862427565,12.996855535814309
716,14.14864864864865,2.6921921921921923,0.804824867251809,12.012434108527724
717,10.51126126126126,1.915915915915916,0.8115367429226742,10.423628725456668
718,13.382882882882882,1.8198198198198199,0.8059352431436918,11.695828507464185
719,7.436936936936937,2.6021021021021022,0.82230855841921,8.862905385716566
720,14.925675675675675,2.833333333333333,0.803814457312768,12.32541093543238
721,13.52927927927928,1.8033033033033032,0.8057132631994338,11.757013010625608
722,14.058558558558559,2.804804804804805,0.8049492310508628,11.975619428143936
723,7.527027027027027,2.1036036036036037,0.8218683569777397,8.912491085709085
724,16.68243243243243,2.2822822822822824,0.8018766013969972,13.005348116168138
725,15.308558558558557,2.53003003003003,0.803354247751317,12.47675245912181
726,9.542792792792792,2.37987987987988,0.8141838776478497,9.958195294891336
727,12.042792792792792,1.5015015015015014,0.8082175414330792,11.120181681375243
728,16.56981981981982,2.3828828828828827,0.8019885110524937,12.962829701366838
729,16.963963963963963,2.608108108108108,0.8016033206686004,13.111042257083346
730,8.563063063063064,2.9864864864864864,0.8174687868075464,9.464261463314408
731,10.195945945945946,2.496996996996997,0.8123435522907045,10.27439286630756
732,11.524774774774775,2.174174174174174,0.8092417107423929,10.889546032098282
733,8.495495495495495,2.027027027027027,0.817723148049389,9.429251350875289
734,14.463963963963963,2.096096096096096,0.8044017761637369,12.140409087996169
735,10.22972972972973,2.1996996996997,0.8122547362192237,10.29048532072637
736,13.574324324324323,2.873873873873874,0.805645923360237,11.775775275637544
737,12.797297297297298,2.8993993993993996,0.8068738597197306,11.447832826474238
738,17.234234234234236,1.6291291291291292,0.801349362330468,13.211714870972617
739,17.6509009009009,2.27027027027027,0.8009730652498321,13.365435983027036
740,17.256756756756758,2.686186186186186,0.8013285578417355,13.220069723669283
741,8.43918918918919,2.0885885885885886,0.8179382140324926,9.39997754162568
742,15.545045045045045,1.8753753753753752,0.8030813116465185,12.569320238746284
743,8.912162162162161,2.968468468468468,0.8162157892314098,9.643139528703534
744,12.222972972972972,2.623123123123123,0.8078816151372988,11.199294387314428
745,11.637387387387388,2.78978978978979,0.80901132620734,10.940095921655134
746,8.788288288288289,2.6321321321321323,0.8166490514463145,9.580045782070703
747,7.5608108108108105,2.828828828828829,0.8217059716454518,8.931015561542445
748,8.18018018018018,2.2312312312312312,0.818965483749185,9.264137741793952
749,12.065315315315315,1.9984984984984986,0.8081750030855129,11.130101389374321
750,16.58108108108108,2.5315315315315314,0.8019772517575547,12.967087802331447
751,9.182432432432432,2.933933933933934,0.8153109169453399,9.77939694348436
752,16.23198198198198,2.9009009009009006,0.8023335462498951,12.834431301700961
753,12.121621621621621,2.6621621621621623,0.8080693473744833,11.154862233248581
754,9.32882882882883,2.8723723723723724,0.8148425921584174,9.852422248028368
755,14.734234234234233,2.6786786786786787,0.8040535190549722,12.249040961954467
756,7.763513513513513,1.6636636636636637,0.8207611873601421,9.041374250534375
757,8.698198198198199,2.972972972972973,0.8169718717538016,9.533899354386442
758,9.306306306306306,2.7837837837837838,0.8149136864371952,9.841222593267487
759,13.022522522522522,1.578078078078078,0.8065028812773489,11.543843959470346
760,8.754504504504505,2.771771771771772,0.8167693335196274,9.562766748501419
761,8.191441441441441,2.566066066066066,0.8189194750081392,9.270084819040601
762,17.3018018018018,2.891891891891892,0.8012871111926304,13.236763641788
763,7.684684684684685,1.7912912912912913,0.8211227111240559,8.998616037774646
764,11.018018018018019,1.6741741741741742,0.8103365799705964,10.659120033319871
765,16.49099099099099,2.711711711711712,0.8020677562060641,12.932983829778873
766,16.76126126126126,2.9624624624624625,0.8017991584064603,13.035028671887328
767,7.36936936936937,2.21021021021021,0.8226457338996125,8.82553543826733
768,6.862612612612613,1.7117117117117118,0.8253848984403505,8.54011669836953
769,14.15990990990991,1.9639639639639639,0.8048094328775703,12.017028038459257
770,17.90990990990991,2.4444444444444446,0.8007479671232596,13.460109308152251
771,17.335585585585584,2.908408408408408,0.8012561674138218,13.249270305501593
772,11.941441441441441,2.2057057057057055,0.8084109455310285,11.075433532374218
773,11.727477477477478,1.987987987987988,0.8088301971804014,10.980369061930011
774,9.407657657657658,2.7477477477477477,0.8145964337083217,9.89152190887794
775,15.747747747747747,1.9834834834834836,0.8028538828568588,12.648126236987347
776,15.117117117117116,1.6276276276276276,0.8035814423640103,12.40131193118439
777,14.711711711711711,2.9414414414414414,0.8040820524405744,12.240025022329313
778,9.486486486486486,2.6156156156156154,0.8143543523904505,9.9304687316316
779,10.04954954954955,2.054054054054054,0.8127353019431093,10.204367465240905
780,9.914414414414415,1.527027027027027,0.8131071544206494,10.139302122959862
781,13.45045045045045,1.635135135135135,0.8058321914233967,11.72410704765573
782,8.07882882882883,2.71021021021021,0.819385307957067,9.210442936689548
783,9.227477477477478,2.0045045045045047,0.8151652398601759,9.80192377898961
784,13.867117117117116,1.5285285285285286,0.805218861088102,11.897011200297264
785,7.63963963963964,1.6081081081081081,0.8213326286830235,8.97409230890982
786,7.9774774774774775,1.7927927927927927,0.8198157497942204,9.156436397482981
787,9.35135135135135,2.0795795795795797,0.8147718391542356,9.863609279629584
788,12.481981981981981,2.2912912912912913,0.8074156785690895,11.312053657328487
789,7.673423423423423,1.906906906906907,0.821174960644874,8.992491306375227
790,17.966216216216218,2.7357357357357355,0.8006998907588744,13.480602656977597
791,14.891891891891891,2.3933933933933935,0.8038561986594273,12.311968205789345
792,6.761261261261262,2.3753753753753752,0.825981690004695,8.481896113803058
793,18.0,2.5975975975975976,0.8006711891787326,13.49288375473004
794,9.835585585585585,2.6606606606606604,0.813328772559325,10.101155052588314
795,15.376126126126126,2.144144144144144,0.8032754104082516,12.503270142669889
796,10.376126126126126,2.2657657657657655,0.811876530867072,10.359932177666877
797,7.02027027027027,2.4624624624624625,0.8244905935052156,8.629912054550267
798,11.986486486486486,2.3963963963963963,0.8083245852190166,11.095343781016465
799,13.495495495495495,1.885885885885886,0.8057640625961534,11.742921706912524
800,14.17117117117117,2.641141141141141,0.8047940229965641,12.021620218371753
801,10.42117117117117,2.400900900900901,0.8117622917894466,10.381207531415757
802,15.286036036036036,2.0255255255255253,0.8033806815450315,12.467900731472506
803,14.86936936936937,2.5645645645645647,0.8038841314556545,12.302998249096051
804,13.033783783783782,1.8828828828828827,0.8064846683069491,11.548623641878129
805,11.153153153153152,2.8408408408408405,0.8100349100458035,10.721048777979771
806,17.583333333333332,2.288288288288288,0.8010328760762393,13.34062831977811
807,8.63063063063063,2.271771771771772,0.8172183920215601,9.499143671883697
808,9.97072072072072,2.22972972972973,0.812950994652759,10.166462964172904
809,13.01126126126126,2.138138138138138,0.8065211257182572,11.539062304598412
810,10.702702702702702,2.3183183183183185,0.8110700254963419,10.513208667297189
811,6.84009009009009,1.5705705705705706,0.8255160002462392,8.527212661331362
812,12.763513513513512,2.2837837837837838,0.8069306336444008,11.433361883951212
813,8.79954954954955,2.756756756756757,0.8166091618634828,9.585798596112856
814,17.346846846846844,2.1096096096096097,0.8012458795781515,13.25343657619599
815,13.9009009009009,2.2507507507507505,0.8051707405071579,11.910920815895963
816,15.094594594594595,1.9744744744744744,0.8036085495192503,12.392406464189525
817,14.272522522522522,2.126126126126126,0.8046564267158325,12.062871414112207
818,10.8490990990991,2.4564564564564564,0.8107242088238232,10.581202108607897
819,12.313063063063062,1.6606606606606606,0.8077173313464151,11.238642788137854
820,10.725225225225225,1.9564564564564564,0.8110162100606885,10.523697633239552
821,11.186936936936938,2.012012012012012,0.8099606285800381,10.736475436122516
822,9.283783783783784,2.7327327327327327,0.8149851244628312,9.830010272881452
823,8.833333333333332,1.533033033033033,0.8164901009947924,9.603036531610703
824,15.66891891891892,1.864864864864865,0.8029416290309782,12.617537797662894
825,7.6058558558558556,2.490990990990991,0.8214916901306344,8.955655932428066
826,6.896396396396397,1.6516516516516517,0.8251898411301041,8.559436782441637
827,17.527027027027025,2.75975975975976,0.8010830703516453,13.31992004447619
828,7.031531531531532,2.0345345345345347,0.824428239735853,8.636290760427267
829,12.335585585585585,2.726726726726727,0.807676634592261,11.248458471130728
830,14.68918918918919,2.818318318318318,0.8041106732027494,12.231002455997894
831,16.9527027027027,1.8783783783783785,0.8016140778096377,13.106830820204447
832,14.385135135135135,2.1786786786786787,0.804505812616878,12.10854175966908
833,14.61036036036036,1.894894894894895,0.8042115397838971,12.199371077440563
834,13.664414414414413,2.5405405405405403,0.8055125734391944,11.813210712735538
835,11.975225225225225,2.123123123123123,0.808346114516683,11.090369555088275
836,7.211711711711712,2.4954954954954953,0.8234569073938366,8.737724935489913
837,11.254504504504505,2.521021021021021,0.8098134003140782,10.767262780373306
838,15.60135135135135,1.6126126126126126,0.8030175449131793,12.591260142193631
839,10.894144144144143,2.548048048048048,0.8106196687493339,10.602035915270333
840,11.75,1.930930930930931,0.8087853479587128,10.990414394621432
841,9.25,2.2807807807807805,0.8150929314936289,9.813167950780079
842,12.72972972972973,1.5585585585585586,0.8069877083568534,11.41887267379238
843,10.837837837837839,1.7687687687687688,0.8107504792748159,10.575987278902216
844,9.137387387387388,2.569069069069069,0.8154580251741957,9.75681849390035
845,16.4009009009009,2.135135135135135,0.8021592538249794,12.898789895602654
846,17.853603603603602,2.5945945945945947,0.8007963464454174,13.43958477092509
847,11.322072072072071,2.953453453453453,0.8096679251363017,10.797962782063955
848,13.337837837837839,1.8468468468468469,0.8060045233599605,11.676938234989635
849,15.04954954954955,1.572072072072072,0.8036630069104441,12.37457635656266
850,7.324324324324325,2.3063063063063063,0.8228739543939418,8.800535038527975
851,16.59234234234234,2.0720720720720722,0.801966007729249,12.971344508666945
852,7.335585585585585,2.4324324324324325,0.8228166379723828,8.806791711657242
853,16.22072072072072,1.7102102102102101,0.8023452946668921,12.830129277286678
854,16.75,1.617117117117117,0.8018101771109298,13.030792722293503
855,9.722972972972972,2.6756756756756754,0.8136515838951894,10.046409645764339
856,9.891891891891891,2.048048048048048,0.8131701145759064,10.128417524854322
857,10.792792792792792,1.7222222222222223,0.8108561078779732,10.555102335777441
858,14.452702702702702,1.545045045045045,0.8044165691320915,12.135861720341142
859,16.783783783783782,2.551051051051051,0.8017771653085982,13.04349645329919
860,11.38963963963964,2.24024024024024,0.809524171944452,10.828576176302956
861,14.95945945945946,2.59009009009009,0.8037729042446623,12.33883906089754
862,7.617117117117117,2.2237237237237237,0.8214385136882557,8.96180555836625
863,9.26126126126126,2.545045045045045,0.8150569087314974,9.818785244168502
864,10.713963963963964,2.798798798798799,0.8110430895706163,10.518454450469239
865,14.655405405405405,2.990990990990991,0.8041537690566573,12.217456149502407
866,12.268018018018019,1.6936936936936937,0.8077991722426746,11.218985766141044
867,14.137387387387388,2.5585585585585586,0.8048403261776934,12.007838426581742
868,10.635135135135135,1.5855855855855856,0.8112328357828031,10.481679143632737
869,12.74099099099099,1.993993993993994,0.8069686498845067,11.423704444503336
870,12.90990990990991,2.773273273273273,0.8066867554152406,11.495938246600977
871,14.79054054054054,2.7027027027027026,0.803982565248816,12.271551914427278
872,8.09009009009009,1.9414414414414414,0.8193381437492093,9.216424322628358
873,11.006756756756756,1.8543543543543544,0.8103620526678557,10.653943140231458
874,8.653153153153154,1.8873873873873874,0.8171357925549166,9.510742890501808
875,7.042792792792793,1.8138138138138138,0.8243660841602759,8.642664820564987
876,17.56081081081081,2.256756756756757,0.8010529151984247,13.33234886162492
877,12.887387387387388,1.7657657657657657,0.8067239151596891,11.486333218663386
878,17.03153153153153,1.6381381381381381,0.801539076240722,13.13628258615691
879,13.281531531531531,2.4594594594594597,0.8060917833499764,11.653282485677407
880,9.058558558558559,2.7612612612612613,0.8157189721688839,9.717180945916285
881,13.247747747747749,2.5375375375375375,0.8061444947753783,11.639066040654098
882,7.786036036036036,1.7627627627627627,0.8206592327100223,9.053554191661343
883,7.11036036036036,1.7672672672672673,0.8239972604635261,8.68081217709063
884,14.70045045045045,2.0945945945945947,0.8040963518745364,12.235514568412338
885,7.358108108108108,1.7252252252252251,0.8227025285190941,8.819291902454246
886,13.743243243243242,2.325825825825826,0.8053973240856583,11.845870000814633
887,10.905405405405405,2.533033033033033,0.8105936683268193,10.607238007473512
888,14.047297297297298,1.7882882882882882,0.8049648885152347,11.971009657791637
889,15.826576576576576,1.5990990990990992,0.8027670097133538,12.678641064853615
890,13.551801801801801,2.6906906906906904,0.8056795374138699,11.766397870015071
891,14.621621621621621,2.2927927927927927,0.804197063778876,12.203894850626627
892,17.20045045045045,1.7747747747747749,0.8013806711157914,13.199172696899787
893,10.466216216216216,1.9114114114114114,0.8116490333282578,10.402439626985046
894,9.768018018018019,1.984984984984985,0.8135215689982207,10.06834329020057
895,11.513513513513512,1.7012012012012012,0.8092649965044194,10.884478192456799
896,7.594594594594595,2.4114114114114114,0.8215450234514652,8.94950212820533
897,7.256756756756757,1.8153153153153152,0.8232215674350963,8.762902335059414
898,7.009009009009009,2.3033033033033035,0.8245531464158915,8.623528692922756
899,12.752252252252251,1.975975975975976,0.8069496250099258,11.428534180370368
900,15.5,2.8603603603603602,0.8031326581812078,12.551740775661028
901,14.565315315315315,1.8453453453453452,0.8042696673302037,12.18125923423984
902,10.533783783783784,1.6231231231231231,0.8114809568739555,10.43420723165801
903,8.3490990990991,1.7447447447447448,0.8182883274593518,9.352950607136554
904,14.036036036036036,1.7312312312312312,0.8049805710654204,11.966398117294817
905,12.0990990990991,2.057057057057057,0.808111491895198,11.144964468525847
906,16.513513513513512,1.6066066066066067,0.8020450376182267,12.941518229137792
907,17.695945945945944,1.5405405405405406,0.8009334448674599,13.381948926997886
908,12.493243243243242,1.5960960960960962,0.8073958578533276,11.316930852698848
909,7.155405405405405,2.8693693693693696,0.8237552248291402,8.706152083852176
910,17.876126126126124,2.1546546546546548,0.8007769581786347,13.447798337521949
911,13.731981981981981,2.4354354354354353,0.8054137073976646,11.84120988475337
912,7.346846846846847,1.7057057057057057,0.8227594962795293,8.81304399660331
913,17.673423423423422,2.512012012012012,0.8009532298375114,13.373694998557442
914,8.146396396396396,1.8678678678678677,0.8191042697286203,9.246273781780472
915,12.572072072072071,2.141141141141141,0.8072581051667885,11.351012780075424
916,17.45945945945946,1.7357357357357357,0.8011437304106526,13.29502762410042
917,15.702702702702702,2.681681681681682,0.8029039157841358,12.630656176542962
918,13.844594594594593,2.993993993993994,0.8052510717419222,11.887729110937899
919,14.768018018018017,2.201201201201201,0.8040108819347649,12.262552478096785
920,9.15990990990991,1.93993993993994,0.8153842908535214,9.768114192438558
921,17.718468468468465,2.656156156156156,0.8009137101475682,13.390197777716915
922,10.747747747747749,1.7432432432432432,0.8109626195813677,10.53417621292323
923,17.493243243243242,2.0615615615615615,0.8011133418641979,13.30747964276225
924,15.95045045045045,1.9534534534534536,0.8026322275683916,12.726445478581283
925,13.822072072072071,1.900900900900901,0.8052833872020521,11.87843979216171
926,13.878378378378379,2.7762762762762763,0.8052027949044374,11.901649539195864
927,10.77027027027027,1.6486486486486487,0.8109092526520197,10.544644436951186
928,14.801801801801801,1.8078078078078077,0.8039684391763874,12.27604916566902
929,12.346846846846846,1.8843843843843844,0.8076563417825778,11.253363115333984
930,15.432432432432432,1.5195195195195195,0.8032102392972851,12.525325440192027
931,16.14189189189189,2.563063063063063,0.8024279920420404,12.799974718083075
932,16.975225225225223,2.1186186186186187,0.8015925777850299,13.115252344562634
933,15.567567567567567,2.0555555555555554,0.8030557496691048,12.578100780617895
934,16.434684684684683,2.8873873873873874,0.8021248247955217,12.911623208408079
935,13.461711711711711,2.9474474474474475,0.8058151165434085,11.728813532148186
936,17.403153153153152,2.1006006006006004,0.8011946399121512,13.274248355793086
937,11.963963963963963,1.87987987987988,0.8083676842585078,11.085393106983785
938,13.833333333333332,2.472972972972973,0.8052672163392711,11.883085356278984
939,12.234234234234233,1.9144144144144144,0.8078609476136295,11.20422046278743
940,16.84009009009009,1.6576576576576576,0.801722439664387,13.0646419484392
941,9.565315315315315,1.7837837837837838,0.8141162478529597,9.969264480329903
942,17.93243243243243,1.9189189189189189,0.8007287003821842,13.468310382345107
943,11.367117117117118,1.6696696696696698,0.8095719002328783,10.818381289651304
944,13.191441441441441,2.539039039039039,0.8062329460957703,11.615333438144892
945,17.605855855855857,1.9444444444444444,0.8010128881746239,13.348902653078113
946,10.567567567567568,2.1606606606606604,0.8113977224533327,10.450055027419745
947,15.297297297297296,1.7957957957957957,0.8033674549309824,12.472327378463268
948,17.7972972972973,2.114114114114114,0.8008450315971604,13.41902890276501
949,9.77927927927928,1.7792792792792793,0.8134892518297117,10.073819289484566
950,16.693693693693692,2.7972972972972974,0.801865493382595,13.009592332049964
951,14.362612612612612,2.3813813813813813,0.8045357467671247,12.099421439411309
952,7.087837837837838,1.8738738738738738,0.8241194250539132,8.668114802721822
953,10.353603603603602,2.5135135135135136,0.8119340221218008,10.349278196668088
954,14.677927927927929,2.285285285285285,0.8041250164755125,12.226488683260918
955,6.8175675675675675,2.9894894894894897,0.8256479626853801,8.514289340861271
956,16.457207207207205,2.003003003003003,0.8021019505512521,12.920171684980577
957,15.51126126126126,2.373873873873874,0.8031197936242254,12.55613794284804
958,14.497747747747749,1.8573573573573574,0.8043575349470702,12.154041013313616
959,12.583333333333332,2.234234234234234,0.8072385668332276,11.355873310185508
960,14.26126126126126,2.0015015015015014,0.8046716187560417,12.058294895196317
961,10.815315315315315,2.5525525525525525,0.810803183876124,10.565549939708074
962,17.222972972972972,2.6876876876876876,0.8013597849586248,13.207535466865744
963,10.027027027027026,2.6546546546546548,0.8127965834101357,10.19355189870789
964,16.885135135135137,1.8558558558558558,0.8016789216578941,13.08153378885635
965,10.038288288288289,1.5360360360360361,0.8127659084057832,10.198961106577157
966,12.662162162162161,2.636636636636637,0.8071027697514138,11.389839173895355
967,16.94144144144144,1.96996996996997,0.8016248492365337,13.102618032630621
968,8.36036036036036,1.7807807807807807,0.8182441524073139,9.358841778144448
969,10.173423423423422,2.1321321321321323,0.8124030897628458,10.26365063189406
970,16.795045045045043,2.1066066066066065,0.8017661908558683,13.047728287777323
971,10.162162162162161,2.7177177177177176,0.8124329571755093,10.25827532229174
972,12.673423423423422,1.7702702702702702,0.8070835078119257,11.394683207682801
973,7.797297297297297,1.6111111111111112,0.8206084751616413,9.059638087234656
974,7.1441441441441444,1.8813813813813813,0.8238154492862005,8.699823938134875
975,8.25900900900901,2.436936936936937,0.8186460456662435,9.305688231213438
976,16.85135135135135,2.8378378378378377,0.8017115383746132,13.068866950899569
977,7.921171171171171,2.0315315315315314,0.8200596210824025,9.1262960731508
978,6.795045045045045,1.7492492492492493,0.8257807942417074,8.50134665172494
979,11.64864864864865,2.2972972972972974,0.8089885322019064,10.945138130439402
980,7.425675675675675,2.484984984984985,0.8223643305482332,8.856687881633345
981,16.828828828828826,2.042042042042042,0.8017333555281254,13.060415582216178
982,13.968468468468469,2.5255255255255253,0.805075196559268,11.938691587120882
983,9.554054054054054,1.548048048048048,0.8141500230247971,9.963731413997836
984,15.792792792792792,2.611111111111111,0.8028041349960098,12.665572261153708
985,14.23873873873874,2.03003003003003,0.8047020748204988,12.049136658716279
986,10.128378378378379,1.954954954954955,0.8125229567427164,10.242132571781749
987,16.614864864864863,1.7342342342342343,0.8019435653485492,12.97985374291275
988,14.227477477477478,2.2327327327327327,0.8047173389584736,12.044554937224774
989,16.01801801801802,2.129129129129129,0.8025595876488872,12.752445267967762
990,15.713963963963964,2.5855855855855854,0.8028913806934919,12.63502595047666
991,17.54954954954955,2.7927927927927927,0.801062954028777,13.3282072077565
992,9.373873873873874,2.8513513513513513,0.8147014249760107,9.874783730302148
993,12.617117117117118,2.5825825825825826,0.8071801606993719,11.370442483722575
994,12.245495495495495,2.8828828828828827,0.8078403180260948,11.209144382540881
995,15.13963963963964,2.9054054054054053,0.8035544157543644,12.41021102521055
996,17.0990990990991,2.445945945945946,0.8014753390133004,13.16147461486516
997,14.002252252252251,1.569069069069069,0.8050277698348752,11.952552854581077
998,9.272522522522522,2.7957957957957955,0.8150209731598329,9.82439934974398
999,17.504504504504503,2.864864864864865,0.8011032383896659,13.311627732503313
